Workbook

Sheet How to use
A1: Batcha Gems — Listing & Landed-Cost Worksheet
A2: Prepared 2026-09-09. 33 selected pieces (photos). Gold-headed columns are INPUTS you fill after Batcha replies.
A4: Workflow:
A5: 1. Send Batcha the questionnaire (Batcha_Supplier_Questionnaire.docx) to get: trade price, treatment/cert, carat, metal weight, sizes, variants, set prices, and an insured landed quote to your ZIP.
A6: 2. Type their trade price into 'Supplier trade price', plus insured shipping and any export/NGJA fees. US duty, landed total, and margin calculate automatically.
A7: 3. 'Target US retail' is pre-filled with my HEATED high estimate — overwrite it with the column that matches the confirmed treatment (use the UNHEATED figures if a report confirms unheated).
A8: 4. Rows marked 'MULTIPLE' in Notes are display trays: ask Batcha to itemize each piece (one row each) with its own SKU, carat, size and price.
A10: Assumptions (duty %, packaging, ship-to ZIP) live on the 'Assumptions' tab — change the duty rate there and every row updates.
A11: Estimates are asking-price reference, not appraisals. Confirm treatment + lab report on every significant stone.

Sheet Assumptions
A1: Landed-cost assumptions (edit these — the worksheet formulas use them)
A2: Item | B2: Value | C2: Note
A3: Import duty rate (finished gold jewelry) | B3: 0.055 | C3: HTS 7113 ~5–5.8%. Loose stones are often 0%. Confirm for your imports.
A4: Default packaging per piece (USD) | B4: 8 | C4: Presentation box / padding.
A5: Ship-to (U.S.) ZIP / city | B5: [ FILL IN ] | C5: Give this to Batcha for an insured-courier quote.
A6: Note on shipping | B6: per-piece insured courier SL→US ~ $60–90 for one parcel; a batch amortises lower

Sheet Listing Worksheet
A1: Ref | B1: Photo | C1: Piece / description | D1: Type | E1: Gem | F1: Metal | G1: Ring? | H1: Retail HEATED low | I1: HEATED high | J1: Retail UNHEATED low | K1: UNHEATED high | L1: Supplier trade price $ | M1: Insured shipping $ | N1: Export/NGJA + fees $ | O1: US duty $ (auto) | P1: Packaging $ | Q1: LANDED TOTAL $ (auto) | R1: Target US retail $ | S1: Margin $ (auto) | T1: Margin % (auto) | U1: Ring size / resize range | V1: Variants available | W1: Set components | X1: Cert / lab report | Y1: Pro images rec'd? | Z1: Notes
A2: BG-01 | C2: Cat's-eye moonstone + blue sapphire halo line bracelet (turtle motif) | D2: Bracelet | E2: Cat's-eye moonstone + blue sapphire | F2: White/yellow gold | H2: 900 | I2: 2000 | J2: n/a | O2: =IF($L2="","",ROUND(Assumptions!$B$3*$L2,2)) | P2: 8 | Q2: =IF($L2="","",SUM($L2,$M2,$N2,$O2,$P2)) | R2: 2000 | S2: =IF(OR($R2="",$Q2=""),"",$R2-$Q2) | T2: =IF(OR($R2="",$S2=""),"",$S2/$R2) | Z2: Confirm metal (silver vs gold). Moonstone is untreated — no unheated premium.
A3: BG-03 | C3: Cat's-eye moonstone cabochon + blue sapphire halo chain bracelet | D3: Bracelet | E3: Cat's-eye moonstone + blue sapphire | F3: Yellow gold | H3: 900 | I3: 2000 | J3: n/a | O3: =IF($L3="","",ROUND(Assumptions!$B$3*$L3,2)) | P3: 8 | Q3: =IF($L3="","",SUM($L3,$M3,$N3,$O3,$P3)) | R3: 2000 | S3: =IF(OR($R3="",$Q3=""),"",$R3-$Q3) | T3: =IF(OR($R3="",$S3=""),"",$S3/$R3) | Z3: Possible set with BG-10 studs / BG-12 ring — ask.
A4: BG-04 | C4: Ring tray — multiple blue-sapphire & cat's-eye halo rings | D4: Ring (MULTIPLE) | E4: Blue sapphire / moonstone | F4: Gold + diamonds | G4: Y | O4: =IF($L4="","",ROUND(Assumptions!$B$3*$L4,2)) | P4: 8 | Q4: =IF($L4="","",SUM($L4,$M4,$N4,$O4,$P4)) | S4: =IF(OR($R4="",$Q4=""),"",$R4-$Q4) | T4: =IF(OR($R4="",$S4=""),"",$S4/$R4) | U4: resize? → | Z4: MULTIPLE PIECES in photo — itemize each with SKU, carat, size, price.
A5: BG-06 | C5: Yellow sapphire & diamond fringe / drip station necklace | D5: Necklace | E5: Yellow Ceylon sapphire | F5: Yellow gold + diamonds | H5: 1800 | I5: 4000 | J5: 2400 | K5: 5500 | O5: =IF($L5="","",ROUND(Assumptions!$B$3*$L5,2)) | P5: 8 | Q5: =IF($L5="","",SUM($L5,$M5,$N5,$O5,$P5)) | R5: 4000 | S5: =IF(OR($R5="",$Q5=""),"",$R5-$Q5) | T5: =IF(OR($R5="",$S5=""),"",$S5/$R5) | Z5: Watch for beryllium/diffusion on yellow — must be disclosed.
A6: BG-07 | C6: Three pendants — blue topaz pear; pink sapphire filigree; emerald+diamond halo | D6: Pendant (MULTIPLE) | E6: Topaz / pink sapphire / emerald | F6: Gold + diamonds | O6: =IF($L6="","",ROUND(Assumptions!$B$3*$L6,2)) | P6: 8 | Q6: =IF($L6="","",SUM($L6,$M6,$N6,$O6,$P6)) | S6: =IF(OR($R6="",$Q6=""),"",$R6-$Q6) | T6: =IF(OR($R6="",$S6=""),"",$S6/$R6) | Z6: MULTIPLE (3 pendants) — itemize each.
A7: BG-09 | C7: Scatter 'confetti' multi-sapphire + diamond teardrop pendant | D7: Pendant | E7: Multi-color fancy sapphire | F7: Rose & white gold + diamonds | H7: 1200 | I7: 2800 | J7: 1350 | K7: 3200 | O7: =IF($L7="","",ROUND(Assumptions!$B$3*$L7,2)) | P7: 8 | Q7: =IF($L7="","",SUM($L7,$M7,$N7,$O7,$P7)) | R7: 2800 | S7: =IF(OR($R7="",$Q7=""),"",$R7-$Q7) | T7: =IF(OR($R7="",$S7=""),"",$S7/$R7) | Z7: Fancy melee — heat status minor.
A8: BG-10 | C8: Cat's-eye moonstone cabochon + blue sapphire halo stud earrings | D8: Earrings (studs) | E8: Cat's-eye moonstone + blue sapphire | F8: White gold | H8: 800 | I8: 1800 | J8: n/a | O8: =IF($L8="","",ROUND(Assumptions!$B$3*$L8,2)) | P8: 8 | Q8: =IF($L8="","",SUM($L8,$M8,$N8,$O8,$P8)) | R8: 1800 | S8: =IF(OR($R8="",$Q8=""),"",$R8-$Q8) | T8: =IF(OR($R8="",$S8=""),"",$S8/$R8) | W8: Possible set: BG-03 bracelet / BG-12 ring | Z8: Moonstone untreated — no unheated premium.
A9: BG-11 | C9: Pink sapphire diamond-halo studs + filigree tablet pendant (Art-Deco set) | D9: Set (pendant + earrings) | E9: Pink Ceylon sapphire | F9: Rose gold + diamonds | H9: 1200 | I9: 2600 | J9: 1800 | K9: 3800 | O9: =IF($L9="","",ROUND(Assumptions!$B$3*$L9,2)) | P9: 8 | Q9: =IF($L9="","",SUM($L9,$M9,$N9,$O9,$P9)) | R9: 2600 | S9: =IF(OR($R9="",$Q9=""),"",$R9-$Q9) | T9: =IF(OR($R9="",$S9=""),"",$S9/$R9) | W9: Pendant + matching studs | Z9: Confirm sold as set + individual prices.
A10: BG-12 | C10: Cat's-eye moonstone cabochon + blue sapphire halo ring | D10: Ring | E10: Cat's-eye moonstone + blue sapphire | F10: White gold | G10: Y | H10: 700 | I10: 1600 | J10: n/a | O10: =IF($L10="","",ROUND(Assumptions!$B$3*$L10,2)) | P10: 8 | Q10: =IF($L10="","",SUM($L10,$M10,$N10,$O10,$P10)) | R10: 1600 | S10: =IF(OR($R10="",$Q10=""),"",$R10-$Q10) | T10: =IF(OR($R10="",$S10=""),"",$S10/$R10) | U10: resize? → | W10: Possible set: BG-03 / BG-10 | Z10: RING — confirm size + resize range. Moonstone untreated.
A11: BG-13 | C11: Two rings — pink/red halo ring + vivid blue emerald-cut 3-stone ring | D11: Ring (MULTIPLE) | E11: Pink & blue sapphire | F11: White gold + diamonds | G11: Y | O11: =IF($L11="","",ROUND(Assumptions!$B$3*$L11,2)) | P11: 8 | Q11: =IF($L11="","",SUM($L11,$M11,$N11,$O11,$P11)) | S11: =IF(OR($R11="",$Q11=""),"",$R11-$Q11) | T11: =IF(OR($R11="",$S11=""),"",$S11/$R11) | U11: resize? → | Z11: MULTIPLE (2 rings) — itemize; blue emerald-cut is the standout.
A12: BG-14 | C12: Aquamarine emerald-cut + diamond halo pendant | D12: Pendant | E12: Aquamarine | F12: Rose/white gold + diamonds | H12: 600 | I12: 1400 | J12: n/a | O12: =IF($L12="","",ROUND(Assumptions!$B$3*$L12,2)) | P12: 8 | Q12: =IF($L12="","",SUM($L12,$M12,$N12,$O12,$P12)) | R12: 1400 | S12: =IF(OR($R12="",$Q12=""),"",$R12-$Q12) | T12: =IF(OR($R12="",$S12=""),"",$S12/$R12) | Z12: Aquamarine (not sapphire) — heat not a value axis.
A13: BG-15 | C13: Ring tray — blue sapphire, padparadscha-tone & ruby engagement-style rings | D13: Ring (MULTIPLE) | E13: Blue/pink/padparadscha sapphire; ruby | F13: White gold + diamonds | G13: Y | O13: =IF($L13="","",ROUND(Assumptions!$B$3*$L13,2)) | P13: 8 | Q13: =IF($L13="","",SUM($L13,$M13,$N13,$O13,$P13)) | S13: =IF(OR($R13="",$Q13=""),"",$R13-$Q13) | T13: =IF(OR($R13="",$S13=""),"",$S13/$R13) | U13: resize? → | Z13: MULTIPLE — itemize; flag any padparadscha (get lab report).
A14: BG-17 | C14: Ring tray — blue-sapphire halos + rainbow fancy-sapphire band | D14: Ring (MULTIPLE) | E14: Blue & multi-color sapphire | F14: White/yellow gold + diamonds | G14: Y | O14: =IF($L14="","",ROUND(Assumptions!$B$3*$L14,2)) | P14: 8 | Q14: =IF($L14="","",SUM($L14,$M14,$N14,$O14,$P14)) | S14: =IF(OR($R14="",$Q14=""),"",$R14-$Q14) | T14: =IF(OR($R14="",$S14=""),"",$S14/$R14) | U14: resize? → | Z14: MULTIPLE — itemize; rainbow band is distinctive.
A15: BG-18 | C15: Earring board — pink & blue sapphire halo studs + pear blue drops | D15: Earrings (MULTIPLE) | E15: Pink & blue Ceylon sapphire | F15: White/rose gold + diamonds | H15: 600 | I15: 1400 | J15: 1000 | K15: 2600 | O15: =IF($L15="","",ROUND(Assumptions!$B$3*$L15,2)) | P15: 8 | Q15: =IF($L15="","",SUM($L15,$M15,$N15,$O15,$P15)) | R15: 1400 | S15: =IF(OR($R15="",$Q15=""),"",$R15-$Q15) | T15: =IF(OR($R15="",$S15=""),"",$S15/$R15) | Z15: Prices are per pair. Itemize the 3 styles.
A16: BG-19 | C16: Rainbow fancy-sapphire heart station necklace (emerald pendant also in frame) | D16: Necklace | E16: Multi-color fancy sapphire | F16: White gold + diamonds | H16: 2000 | I16: 4500 | J16: 2300 | K16: 5200 | O16: =IF($L16="","",ROUND(Assumptions!$B$3*$L16,2)) | P16: 8 | Q16: =IF($L16="","",SUM($L16,$M16,$N16,$O16,$P16)) | R16: 4500 | S16: =IF(OR($R16="",$Q16=""),"",$R16-$Q16) | T16: =IF(OR($R16="",$S16=""),"",$S16/$R16) | Z16: Feature = heart necklace; emerald pendant in frame is separate.
A17: BG-20 | C17: Blue sapphire chandelier / cluster drop earrings | D17: Earrings | E17: Blue Ceylon sapphire | F17: 18k white gold + diamonds | H17: 1800 | I17: 3800 | J17: 2800 | K17: 6500 | O17: =IF($L17="","",ROUND(Assumptions!$B$3*$L17,2)) | P17: 8 | Q17: =IF($L17="","",SUM($L17,$M17,$N17,$O17,$P17)) | R17: 3800 | S17: =IF(OR($R17="",$Q17=""),"",$R17-$Q17) | T17: =IF(OR($R17="",$S17=""),"",$S17/$R17) | Z17: Confirm total sapphire + diamond ct.
A18: BG-22 | C18: Rainbow invisible-set princess-cut sapphire bracelet | D18: Bracelet | E18: Multi-color fancy sapphire | F18: Yellow gold + diamonds | H18: 3000 | I18: 6500 | J18: 3300 | K18: 7500 | O18: =IF($L18="","",ROUND(Assumptions!$B$3*$L18,2)) | P18: 8 | Q18: =IF($L18="","",SUM($L18,$M18,$N18,$O18,$P18)) | R18: 6500 | S18: =IF(OR($R18="",$Q18=""),"",$R18-$Q18) | T18: =IF(OR($R18="",$S18=""),"",$S18/$R18) | Z18: Fancy melee — heat minor; confirm cttw.
A19: BG-23 | C19: Pink sapphire pear pendant, pale/galaxy halo (rose gold) | D19: Pendant | E19: Pink Ceylon sapphire | F19: Rose gold + diamonds | H19: 800 | I19: 1800 | J19: 1300 | K19: 2900 | O19: =IF($L19="","",ROUND(Assumptions!$B$3*$L19,2)) | P19: 8 | Q19: =IF($L19="","",SUM($L19,$M19,$N19,$O19,$P19)) | R19: 1800 | S19: =IF(OR($R19="",$Q19=""),"",$R19-$Q19) | T19: =IF(OR($R19="",$S19=""),"",$S19/$R19) | Z19: Other pendants visible in frame are separate.
A20: BG-24 | C20: Pink sapphire pear in openwork compass/star rose-gold pendant | D20: Pendant | E20: Pink Ceylon sapphire | F20: Rose gold + diamonds | H20: 700 | I20: 1500 | J20: 1100 | K20: 2400 | O20: =IF($L20="","",ROUND(Assumptions!$B$3*$L20,2)) | P20: 8 | Q20: =IF($L20="","",SUM($L20,$M20,$N20,$O20,$P20)) | R20: 1500 | S20: =IF(OR($R20="",$Q20=""),"",$R20-$Q20) | T20: =IF(OR($R20="",$S20=""),"",$S20/$R20) | Z20: Dainty; confirm carat.
A21: BG-25 | C21: Emerald-cut vivid blue sapphire diamond-halo cocktail ring | D21: Ring | E21: Blue Ceylon sapphire | F21: 18k white gold + diamonds | G21: Y | H21: 3500 | I21: 6500 | J21: 9000 | K21: 20000 | O21: =IF($L21="","",ROUND(Assumptions!$B$3*$L21,2)) | P21: 8 | Q21: =IF($L21="","",SUM($L21,$M21,$N21,$O21,$P21)) | R21: 6500 | S21: =IF(OR($R21="",$Q21=""),"",$R21-$Q21) | T21: =IF(OR($R21="",$S21=""),"",$S21/$R21) | U21: resize? → | Z21: HERO. RING — size+resize. Unheated+report multiplies value.
A22: BG-26 | C22: Vivid pink sapphire marquise-halo sunburst pendant | D22: Pendant | E22: Pink Ceylon sapphire | F22: White gold + diamonds | H22: 1400 | I22: 3200 | J22: 2400 | K22: 5500 | O22: =IF($L22="","",ROUND(Assumptions!$B$3*$L22,2)) | P22: 8 | Q22: =IF($L22="","",SUM($L22,$M22,$N22,$O22,$P22)) | R22: 3200 | S22: =IF(OR($R22="",$Q22=""),"",$R22-$Q22) | T22: =IF(OR($R22="",$S22=""),"",$S22/$R22) | Z22: Pink premium real but < blue.
A23: BG-27 | C23: Sri Lanka map pendant (pavé diamond outline + sapphire) | D23: Pendant | E23: Blue sapphire accent | F23: Yellow gold + diamonds | H23: 700 | I23: 1600 | J23: 750 | K23: 1700 | O23: =IF($L23="","",ROUND(Assumptions!$B$3*$L23,2)) | P23: 8 | Q23: =IF($L23="","",SUM($L23,$M23,$N23,$O23,$P23)) | R23: 1600 | S23: =IF(OR($R23="",$Q23=""),"",$R23-$Q23) | T23: =IF(OR($R23="",$S23=""),"",$S23/$R23) | Z23: Signature story piece; heat immaterial.
A24: BG-28 | C24: Overview photo — display cases + loose certified stones | D24: (Overview) | E24: Mixed / loose stones | F24: — | O24: =IF($L24="","",ROUND(Assumptions!$B$3*$L24,2)) | Q24: =IF($L24="","",SUM($L24,$M24,$N24,$O24,$P24)) | S24: =IF(OR($R24="",$Q24=""),"",$R24-$Q24) | T24: =IF(OR($R24="",$S24=""),"",$S24/$R24) | Z24: Not a single listing item — reference only.
A25: BG-32 | C25: Blue star sapphire cabochon diamond-halo ring | D25: Ring | E25: Blue star sapphire | F25: White gold + diamonds | G25: Y | H25: 1500 | I25: 4000 | J25: 2000 | K25: 5500 | O25: =IF($L25="","",ROUND(Assumptions!$B$3*$L25,2)) | P25: 8 | Q25: =IF($L25="","",SUM($L25,$M25,$N25,$O25,$P25)) | R25: 4000 | S25: =IF(OR($R25="",$Q25=""),"",$R25-$Q25) | T25: =IF(OR($R25="",$S25=""),"",$S25/$R25) | U25: resize? → | Z25: RING. Star: value axis = NO diffusion + sharp centered star.
A26: BG-34 | C26: Aquamarine emerald-cut (~8-10ct) diamond-halo cocktail ring | D26: Ring | E26: Aquamarine | F26: Yellow gold + diamonds | G26: Y | H26: 1500 | I26: 3500 | J26: n/a | O26: =IF($L26="","",ROUND(Assumptions!$B$3*$L26,2)) | P26: 8 | Q26: =IF($L26="","",SUM($L26,$M26,$N26,$O26,$P26)) | R26: 3500 | S26: =IF(OR($R26="",$Q26=""),"",$R26-$Q26) | T26: =IF(OR($R26="",$S26=""),"",$S26/$R26) | U26: resize? → | Z26: Aquamarine (not sapphire). RING — size+resize.
A27: BG-35 | C27: Ring tray — emerald bezel inlay rings (MOP / onyx / lapis) | D27: Ring (MULTIPLE) | E27: Emerald + inlay | F27: Gold | G27: Y | O27: =IF($L27="","",ROUND(Assumptions!$B$3*$L27,2)) | P27: 8 | Q27: =IF($L27="","",SUM($L27,$M27,$N27,$O27,$P27)) | S27: =IF(OR($R27="",$Q27=""),"",$R27-$Q27) | T27: =IF(OR($R27="",$S27=""),"",$S27/$R27) | U27: resize? → | Z27: MULTIPLE (~5 rings) — itemize; ask emerald oiling/clarity.
A28: BG-38 | C28: Blue sapphire open-teardrop chandelier drop earrings (18k WG) | D28: Earrings | E28: Blue Ceylon sapphire | F28: 18k white gold + diamonds | H28: 1800 | I28: 3800 | J28: 2800 | K28: 6500 | O28: =IF($L28="","",ROUND(Assumptions!$B$3*$L28,2)) | P28: 8 | Q28: =IF($L28="","",SUM($L28,$M28,$N28,$O28,$P28)) | R28: 3800 | S28: =IF(OR($R28="",$Q28=""),"",$R28-$Q28) | T28: =IF(OR($R28="",$S28=""),"",$S28/$R28) | Z28: Bridal statement; confirm cttw.
A29: BG-40 | C29: Lavender/violet star sapphire cabochon diamond-halo rings (pair) | D29: Ring (MULTIPLE) | E29: Star sapphire (violet/grey) | F29: Platinum/white gold + diamonds | G29: Y | H29: 1500 | I29: 4000 | J29: 2000 | K29: 5500 | O29: =IF($L29="","",ROUND(Assumptions!$B$3*$L29,2)) | P29: 8 | Q29: =IF($L29="","",SUM($L29,$M29,$N29,$O29,$P29)) | R29: 4000 | S29: =IF(OR($R29="",$Q29=""),"",$R29-$Q29) | T29: =IF(OR($R29="",$S29=""),"",$S29/$R29) | U29: resize? → | Z29: Prices PER RING. Star: no-diffusion + sharp star. Size+resize.
A30: BG-43 | C30: Ring tray — emerald-cut blue halo + double-sapphire pendant-ring + cat's-eye halo | D30: Ring (MULTIPLE) | E30: Blue sapphire / moonstone | F30: White gold + diamonds | G30: Y | O30: =IF($L30="","",ROUND(Assumptions!$B$3*$L30,2)) | P30: 8 | Q30: =IF($L30="","",SUM($L30,$M30,$N30,$O30,$P30)) | S30: =IF(OR($R30="",$Q30=""),"",$R30-$Q30) | T30: =IF(OR($R30="",$S30=""),"",$S30/$R30) | U30: resize? → | Z30: MULTIPLE — itemize.
A31: BG-44 | C31: Bracelet tray — multi-sapphire, emerald & rainbow tennis/line bracelets | D31: Bracelet (MULTIPLE) | E31: Sapphire / emerald | F31: Gold + diamonds | O31: =IF($L31="","",ROUND(Assumptions!$B$3*$L31,2)) | P31: 8 | Q31: =IF($L31="","",SUM($L31,$M31,$N31,$O31,$P31)) | S31: =IF(OR($R31="",$Q31=""),"",$R31-$Q31) | T31: =IF(OR($R31="",$S31=""),"",$S31/$R31) | Z31: MULTIPLE — itemize each bracelet + cttw.
A32: BG-46 | C32: Rainbow fancy-sapphire bar pendant + matching hoop earrings (set) | D32: Set (pendant + earrings) | E32: Multi-color fancy sapphire | F32: Gold + diamonds | H32: 1200 | I32: 2800 | J32: 1400 | K32: 3200 | O32: =IF($L32="","",ROUND(Assumptions!$B$3*$L32,2)) | P32: 8 | Q32: =IF($L32="","",SUM($L32,$M32,$N32,$O32,$P32)) | R32: 2800 | S32: =IF(OR($R32="",$Q32=""),"",$R32-$Q32) | T32: =IF(OR($R32="",$S32=""),"",$S32/$R32) | W32: Pendant + matching hoops | Z32: Confirm sold as set + individual prices.
A33: BG-47 | C33: Emerald + lapis + mother-of-pearl inlay Art-Deco ring | D33: Ring | E33: Emerald + inlay | F33: Rose gold + diamonds | G33: Y | H33: 1000 | I33: 2500 | J33: n/a | O33: =IF($L33="","",ROUND(Assumptions!$B$3*$L33,2)) | P33: 8 | Q33: =IF($L33="","",SUM($L33,$M33,$N33,$O33,$P33)) | R33: 2500 | S33: =IF(OR($R33="",$Q33=""),"",$R33-$Q33) | T33: =IF(OR($R33="",$S33=""),"",$S33/$R33) | U33: resize? → | Z33: RING. Emerald — ask oiling/clarity treatment. Size+resize.
A34: BG-48 | C34: Pink sapphire pear in openwork circle rose-gold pendant | D34: Pendant | E34: Pink Ceylon sapphire | F34: Rose gold + diamonds | H34: 700 | I34: 1500 | J34: 1100 | K34: 2400 | O34: =IF($L34="","",ROUND(Assumptions!$B$3*$L34,2)) | P34: 8 | Q34: =IF($L34="","",SUM($L34,$M34,$N34,$O34,$P34)) | R34: 1500 | S34: =IF(OR($R34="",$Q34=""),"",$R34-$Q34) | T34: =IF(OR($R34="",$S34=""),"",$S34/$R34) | Z34: Dainty; confirm carat.
